UID,growth_stage
01nUuQaf,0
02l3WRi5,3
02QNbFW3,3
02r3NCOn,3
03DVBfql,0
03Wa4HYF,3
05fShdVk,0
073SXqRf,3
07JgRfux,3
07PKkdGp,3
07srh62p,0
07UoE5tI,3
086IDRtP,0
08OrmI1Q,3
095Yvbxz,3
0aId4rXj,0
0BhesCpG,3
0bLz8pAk,3
0Btl5rbx,0
0cG6NbtS,3
0cmqEHYD,0
0dlqzp8n,0
0Efjg7Do,3
0ESY7mwz,3
0fjE7lCv,3
0GRH81Ev,3
0HewMxNq,3
0HjL4BqP,0
0ijdkDXF,0
0iMQBeOa,0
0JHmexwt,0
0jxdE74J,3
0KbZJFUC,6
0Kl8b4nJ,3
0kuVfrpj,0
0Lgre5QT,3
0MliUjqg,3
0NbcE8yf,0
0NCYzBgL,3
0NJgEvMB,0
0pZriOzt,6
0QOxztgM,3
0r2V3ni8,0
0RcPltsq,3
0RPWnJZc,3
0ShjkLA4,0
0SujTs9K,1
0TdIpmW9,2
0TiYsL8a,0
0WozDxGb,0
0XIgtJQT,0
0Xwn2MLF,3
0Y5uSP6C,2
0ydZiSqe,0
0YVFBKqP,3
0YwMVZhE,1
0Zp6G1zs,0
102rTcHk,0
10kQj7if,3
12GyVksT,2
12w0F8tY,3
15kbHNoi,3
16OSYFld,3
18BdOTEi,3
18QOGs7F,0
19kEyeJn,0
1ABFc9Pd,6
1aBpYQLR,3
1adscp3o,3
1anb4D2R,3
1B0ftT8P,3
1b4ljGv5,3
1B9TsrNf,3
1BvNJAor,0
1EJhgrwD,3
1ElUpirK,0
1ESgRlTV,3
1Ezg6980,3
1fgP5dTq,3
1FINKhcV,3
1g0r4OS9,3
1GwhJc06,3
1Hhcnl0i,0
1IAWJUfO,3
1IHPsW2h,3
1IitTX6L,0
1ioGnLMI,3
1JQ8u6Lj,3
1jTMIhVR,0
1JvWOkhQ,0
1jWUPlEx,0
1JXs4Gw7,3
1k5FYb9o,0
1kHrP68J,3
1KxYqRv3,0
1l8x3LDi,3
1LqFfuM9,3
1my2sb4Y,3
1NjSoU7y,3
1NsXiMH7,3
1pCPezlM,0
1pEeS4t5,0
1pQwNBzF,0
1pZjQ2Xq,3
1QcS3PF5,3
1qjcNfT6,0
1QNc6A4k,0
1qT2CMi4,3
1rhsHvSO,0
1SfcIZgV,0
1SP6NXHl,1
1sUeKtNZ,3
1TAXz9u3,3
1teowYHQ,0
1tHR2Eay,3
1TM4Fg7x,0
1uEdfAaT,3
1UlyfuI7,3
1UoGRIZu,3
1VDGxUy6,0
1vMtoPa6,6
1w8sy7tT,0
1wMD3ZNF,3
1xSZ38oU,0
1y2LTcZd,0
1YFogWkS,0
1Z2OM5u3,6
1ZcTosvV,0
1ZeEcwQs,3
1ZOgYrTq,3
20ORFscx,3
248nZtoY,3
263PGHQc,6
27KzuYO1,3
283mKynl,3
28KBsFfY,0
28XUdQu3,3
28Y1RXJr,2
297qU3Kl,0
29Bd5rOS,3
2b0mY59u,6
2ba4pvec,6
2bkSotRg,3
2CeXJzq4,3
2CLDlbk8,0
2CtdApWL,3
2dfIxX9V,2
2dyAnWZE,0
2fEqN8Cp,3
2fpgxLKe,0
2Fy7XvNG,3
2gmaIEoD,3
2GQPIci7,3
2GyAIORX,3
2HKJkaYt,3
2JIyHuds,3
2KB5TopY,3
2mtPoj17,3
2niv8j5G,0
2RJg5kn1,3
2s6KIrlf,0
2S8efId6,3
2uxyCIli,3
2XCxbuyQ,3
2Xu31VSt,3
2zbrIT4D,0
2zQMehTs,3
30dN692V,0
31IjELQl,3
345Htksu,1
34PWylzF,3
35sUXSNH,6
36HRe2yU,3
36MW0dvD,3
36ZKowDf,6
394GQCn0,3
39hKAugR,3
39XlKZp0,0
3ajcCri6,0
3BmMZIw7,2
3BOl0JhY,0
3bRIuwts,0
3CJvXApY,3
3CVz18nE,3
3E5KNtqH,3
3Fl5H12A,1
3fmyxTPW,0
3fpFMEBm,0
3gF96Ne0,3
3hfPVX17,3
3HLcQJKM,3
3IbwG6AR,3
3IeBRYCx,1
3IfzCuHr,3
3JiGvDN4,3
3KgwqCkD,2
3kHaGSEc,3
3kUFln6W,0
3LiA4uNZ,3
3LkjtQbN,3
3lWJaomS,0
3M95oKtT,0
3nBjFLco,2
3njo8rzX,1
3NTUKnek,3
3oWL5t8d,3
3p0szqIP,3
3q8nOUMS,3
3QF49aNK,0
3QpDm1q9,3
3sl2SBj7,3
3SpUaPAH,3
3sR4fhrL,0
3t5QSCJe,3
3u6wqSWZ,3
3UV2TWGD,3
3WBwx5HA,3
3why80At,3
3X4ogbaT,3
3Xzl1hKm,3
3ykWPfRT,3
3YNprHX4,0
3Z2PJqu0,3
3z69sobp,3
3Z9gbAzK,0
3zNAKol6,3
3Zso4m7S,3
40EdkHIJ,3
41woZNqE,3
42wH91n3,0
45ALwR1S,6
45KzZq3o,1
45VXDExS,3
46gfzco1,2
47LojPYg,0
47ugfVSB,3
48WFwshz,3
49lgOLpQ,3
4B8JY9sm,3
4C528qKB,3
4C8t6ERA,3
4caw69d8,3
4Dloe7Uh,0
4eIao3lR,3
4esHErzn,3
4fLkA0QS,6
4HDiEl35,3
4HIe70ub,3
4jCnX235,3
4jofAS9C,3
4jx7YvSg,6
4K9btANU,3
4kgdjVpy,3
4KQrgWVS,3
4kTxo1Yt,3
4lK1ynIm,3
4M9hIUq5,3
4MBmlzyx,3
4Mwh1IVA,3
4oxCWvHd,1
4oXLvYzq,3
4pSc9Uu8,3
4qiSchx7,3
4QtX5NdS,3
4quAItpb,3
4QXUpDVk,3
4r2RBOVx,3
4rQICLTG,3
4RxQyT3Z,0
4SKIErio,3
4uDIVJfb,3
4uja7YiC,2
4UzBeYHu,3
4Vb2FE5l,3
4wdElV2g,3
4wmTpFl0,3
4wzoLanj,3
4XxvcU7b,3
4xZ8tQOd,0
4Za7r2c8,3
4zxVpano,3
536vFK0B,6
53dU1N8Z,0
56iGRSZc,0
56jcEyPw,3
579zny8o,0
57ew02p9,1
59nMZckj,3
59PITorq,3
5AUJneba,3
5C6D9EyP,3
5c9hd3s4,0
5CDKveGk,0
5dDVX8R4,3
5dVa2sRg,3
5eNAsw42,0
5F9HGLk1,3
5fJt3kvx,3
5FxNw29h,3
5G3ObNhi,3
5GrKZsL8,3
5GyjLenW,3
5iARqtsQ,6
5iaZEqhF,3
5iX0JLG1,0
5j0wvHbI,3
5jbHYmKV,3
5jpisYyC,0
5jsYSO8F,0
5jteG01d,3
5KZ04cLM,3
5lmbS7sx,3
5LxjUoXw,3
5mENbnZT,3
5MmCrPiQ,3
5o9bMLEI,0
5o9wyTfK,3
5OAhwx6T,1
5oQJ37TH,3
5P8dwlyf,3
5pIwWEPK,3
5PNK8Ihz,0
5pP7IHWJ,0
5pyN9rmY,2
5qPDMoFa,0
5r91gADE,3
5RrxzoM0,3
5SD9ikrG,1
5TFCAmy0,0
5ThL1uU8,3
5TYdA4Z1,3
5U7e0ksJ,0
5uOL8CVd,3
5UtxLIqu,3
5v0RlYe7,3
5wnjJVAb,3
5WOB49Eq,0
5wsJPzrh,3
5xC6ZElm,6
5XMLAxKf,3
5XsOpQjZ,0
5XT7hvcF,3
5yBodArn,0
5yzDhIG9,0
5ZN1MAf8,1
5ZsUE7BA,3
60z5ybjU,3
62ptYAPh,3
62yzLRQg,3
63oRm4g7,0
63PIXwaf,6
63xQtCU4,3
64F9BMml,1
64yOWPrm,3
64ZqKX3A,3
65cdV1b4,0
65Ioaprl,0
65QVMZda,3
68foCvm9,3
6bqBE5HK,2
6CGdmwQn,1
6DTFNKAd,3
6eXB47ov,3
6FAuwxcz,3
6FIeP1lD,6
6FydXc3v,3
6GL0tXHc,2
6gpLi79f,3
6HQXAiM9,3
6ibPDan9,2
6JId8B1L,3
6Kswl0hI,2
6KZf24mv,3
6LpncJHj,3
6LXwKt7v,3
6MgFcdfH,3
6MiH7j5V,3
6N5XgjhW,3
6nuiyI9o,0
6ONoqmUW,3
6Ow1FP2J,3
6oXifkRG,6
6P4wLVzI,3
6Q1sSUH2,3
6Q1vBdFa,3
6q2hpPmV,1
6qI3lxr1,3
6rGUwBSW,3
6Rh2rBXA,3
6RxC2vB4,3
6SfiNbrE,3
6WslLinY,1
6WVfUpCX,0
6XaiWyRg,3
6xbWGr8Q,0
6XcgySFR,3
6xXrJ7nM,3
6ZHB0VjO,3
6zSPitmF,3
70PSDoWi,3
70V6igj1,0
71kCzedn,2
71OGcJCQ,0
72nFgZTy,3
73ztVijS,2
74893eIG,3
74fQPOvM,3
74lCGt3f,2
761IbR0X,0
76IDaZbt,0
78ZqRnjP,3
79kzEdvF,3
7ADeRO80,0
7B9TQolg,0
7CDmNhF4,3
7cHqVYEa,3
7CiGZNQw,3
7CjF1Arb,3
7fYEtdy4,3
7GDJuxFi,0
7gDnolk5,2
7h1R4MdW,0
7hFGn02a,2
7hJxdnoi,0
7i01WcsN,6
7I9ZQFXl,0
7Ikq32Hf,3
7JayBCzF,3
7JjH3Zcu,3
7JqzXnV5,3
7K5V1qG4,3
7KIYWbql,3
7KnIFqDB,0
7kYqlNDw,3
7lyZUzX6,3
7m6k4Dxe,0
7NGBbOgi,3
7NmFqAo0,3
7of35Qmn,3
7OGXA2UE,6
7okPG8j4,3
7paFqTzv,0
7pCu3HvM,3
7qfGCtvw,3
7RFtZLGM,3
7rIM14EU,2
7RpfeOWH,0
7ScQypUd,3
7tfU1q3s,3
7UkXiHqx,3
7W9d5TCw,0
7WZDXEnN,3
7xMeh8ws,3
7xVSLZnj,2
7xvYKCfo,3
7Z84xXEt,0
7ZFj2TOc,3
7ZSimMJh,3
7ZUbndoG,0
80LMbX92,3
80Sh7Dzi,6
81tfXvYj,0
81utqCQS,3
82A0NgVL,3
83tLjXSd,1
84Mihx92,1
84N9WKXS,3
85mATK7g,1
87JM5GYh,1
89t25w1R,0
8a720hDR,3
8AhlM2UP,3
8aiobw1P,3
8BDGt4Kz,3
8Bgj5wkQ,3
8BGTHEIA,1
8BSwMnbu,0
8cowklBi,0
8EAeZUqO,3
8EcNBYo4,3
8F3tga4v,0
8fQgm7ud,3
8FTx5X04,3
8fVFJxhI,3
8G3iFmst,3
8gj6d5tP,3
8gJd4rws,0
8gsF3EO2,0
8gvFJz4C,3
8h6sxNZa,0
8iFezajX,0
8iZ2jhVb,0
8kI9B31X,0
8lNy1J5G,3
8M53z0oE,1
8mAFW0O5,3
8mDZxP2H,3
8Oez2dSx,3
8okEjxm1,0
8OQi74Ax,2
8oXDxKhJ,3
8OZKFLja,3
8P3JwMur,0
8PAcJ5Wd,3
8qKhk39D,2
8qonYkhX,3
8QtCnJId,1
8QwTsEGV,0
8RygWQrL,3
8SaER3Tt,3
8t7DSiQY,3
8TrDIcOh,3
8ujzkYpW,3
8uMdHUsN,3
8UOlhTCI,3
8wXBgFz9,0
8yPARoMG,3
8Z7YaHMy,3
90J48jBd,3
90L8sOUg,0
957HdhKq,3
97B1s054,3
97yuMWFm,3
98P3M2RD,3
98WhwZGl,3
98yimZvV,3
9a6YPvkD,0
9acSXJ2H,3
9bro8DFH,3
9bZoJviF,3
9caYEKud,3
9cl0PMRz,0
9cZTVfKb,3
9daT4OW2,3
9dNlFCm3,0
9eogSGAm,1
9GcP2oKv,0
9gkfFZhj,0
9HGOCiZt,0
9hHprzmq,0
9iEQjGyI,3
9iWwTOas,3
9iysWl3d,3
9JTKRoCS,3
9kvAaDtY,3
9KyDL5HJ,0
9lQB7gS2,3
9MLrZ7lw,3
9N5UQmr2,3
9n8iKdoU,2
9nPMR4Da,0
9O6Rbeqa,3
9ogZs3di,2
9oVSQAsG,3
9pBiCOUE,0
9PgKwduf,3
9pK6zYu4,3
9PTSgiB5,3
9QbUkIxc,0
9qHlarc6,3
9qISsbzr,0
9SaVcEfu,3
9SdvzZ1o,3
9umRbYfk,3
9VNrJ6GK,3
9vs6PGyI,3
9w1SxQhy,3
9wgEUTYL,3
9WrsFf8d,0
9xI2MwDG,3
9y8rxwbv,3
9yAbajlL,3
9yaeBWov,0
9yJUi0bo,3
9Z7nriTx,3
9zEA1Ljf,1
9zXuApPe,3
a0WBp2P4,1
a1dESxDL,3
A2aObHNh,1
a30f2FlR,0
A3PLdB0c,3
A451voVj,3
A4tEmUC8,3
a4XwR7Or,3
A5nxRX30,0
a6uU2e5X,0
a7BQlZNJ,0
A7SQUIln,3
a9AWGetN,3
a9mRZJeO,0
A9PoLpUH,0
aAFiQsvw,3
AamE3Cjl,3
AarxT82v,0
AauRxS1z,3
AayKXwUZ,0
aBEwemqF,3
AbfM5RQa,0
aBjm1ieh,0
ABRsGmQV,3
ACjRtu9T,3
aCsgVOR7,3
ACslIShQ,3
ACuBZyIX,0
Acy8qgvn,3
adbqEj59,3
AdDZ3TaQ,0
ADjzJr1C,0
adLuCA0o,3
AdOsh3nF,0
aE74Gi2f,0
aEg34ioL,3
aF0xVU17,3
AFMRewKq,3
AFUMQ4CS,3
agK7mhJY,3
aGnIH6Xl,3
AhbXWmyS,3
aHGrTuMj,0
aHlb2TRk,3
ahQ8kqGj,3
AiDCWG4w,3
aj9QAvVY,0
ajgx0Fht,1
ajLf0tZq,1
ajnrUOFX,3
ajTv5gup,3
aK0mD8TG,3
akboEKhj,3
al0LHmJo,2
ALfklQhW,3
ALFN6R1k,3
aLGK5vsF,3
ALiI486N,3
ALUrIvRQ,1
ALVeSbic,0
alxjqnUN,0
ALyJdZS3,3
aMHPYLIJ,0
AmI3vE0d,3
aMLjEGDi,0
ANRgWbj2,3
AoEzVHj5,3
aOhLfikg,3
AoNBaLJ3,6
aoTQcB7g,3
aOU04IDy,3
aPm9otlM,0
ApOZUiNF,3
aPq9C6b2,3
ApQsqSy3,0
AQ5IHuf3,3
AqCBDMfK,3
AqP1phkz,1
aqVhd1z5,3
aqVhTeJB,3
ArchPj9U,3
aripbTGA,3
ArLekHmw,3
ArTuJhFv,3
aRXPq3DK,3
ArzC8PQp,0
aS02OvjT,3
aS50CgBI,0
aS6dUlLN,3
aSpWy1gD,3
AtcqmEDn,3
AtmQgefu,3
aTqhVWvL,0
aUd4xD7L,1
aUKzNcnM,3
auP8rwWN,0
aV8PYBpv,3
aVItZUgv,3
AvRDQ6eb,3
avVIXeiF,0
aX5QGqrH,3
aXjGzYr2,3
axKqc2EW,3
AxL90iEr,3
aXusVfDE,3
aY7dyivw,0
aYEOGr0M,0
AYFCDKJS,0
AyiZn5U7,3
AyjCnGD4,3
AzbX3ZFn,0
AZcmWv92,3
AzKMV34i,0
B0pqYgfT,3
B1KLFaCp,3
b1O7Z8yR,0
b1xl2AND,3
B25sc0VY,0
b28XsGFU,3
b2O1WTqZ,6
b3hugkl8,0
b4SQJ9BX,6
B4VhrIbi,6
b5FH0net,1
B5RQpdlT,3
B5sY6qrP,3
B5UJxTb2,0
B6CqZJN8,2
b6oQyNW2,3
b75CdZXB,3
B80NZrtK,3
b8fMqirk,0
B8yI2dfU,3
B9Mn3kHg,3
b9qQiu8U,6
B9rOaQH7,0
bAaVK3ny,0
BacTsdpr,0
baIJW7Tq,0
bavoty7L,3
Bb9CsVvm,3
bc6MTfX1,0
BCiKLSZU,3
bct4uPkC,0
BcuZ3zmG,3
bCX4hGs3,3
Bd7msfPJ,0
BDEb8nAT,6
bdIgkpaL,0
BdoQkny7,3
BeaCmX9h,3
BeasmgY3,3
bEMsUDL6,0
bEvKQlAO,3
bf7N6rca,3
bFPcYWw6,3
BGaWNiju,0
BGc56Qrv,2
BgD7XwYc,3
BgopDjv5,2
bgoUL0YR,3
bgyQW8k7,6
bh3FWK9E,3
bhc2fuKl,6
BhFpkdH0,3
BHg4VyZO,3
BHxdR4lp,3
BifLnb8W,3
Biq0SonX,3
bIu3TPHk,3
bj0THqG2,3
bj1pRlA5,3
bjGUWPe1,2
bjmHSzs3,3
bkFW57QT,3
BKQScEtn,3
bKRPZhs9,3
BL7s1f69,3
bldS7Kg6,0
blMiKsSv,0
BlXV1GNY,3
Bme6F0Gs,3
bmh5O3U4,3
BmJAf6QF,2
BmV3uSkc,0
bn8rw0V3,1
bncEkHKT,0
bncJ6xe0,0
bnOB1lpP,0
BNzOGp3P,0
bO0LKYwg,0
Boerkf0H,3
BofEqnPc,0
boG3WrF7,3
BoPcxdOi,3
BOYiSMxK,3
bPExTL0A,0
bpOX8Grz,3
BpvEfw6Z,0
bqDtTgXP,3
BqfF80DT,3
BqLlRaE1,3
BReFiIox,0
brlNnIJ2,2
BrSgbOu7,0
bru6oAB9,0
BRUx6jSV,3
BrXaWyl0,6
bs2EntN0,0
Bs5k0nzb,0
bSDcMRNn,3
bsjOkFB7,3
BSkhlHrY,0
bSZyC9xR,3
BtifD0PE,3
BTKVM3E2,2
btnCk9PH,3
bueOnMP7,3
bUkIXag3,1
BURDm6oC,3
buWisBrV,3
buwYMvAo,3
BV0JdOcK,1
BVHPWjgT,1
BVoHqA51,3
BVrb3Tj5,3
BW47H8zY,3
BwmTvFXL,0
bWUVIjXR,0
bWvctn1C,0
bx09LMNP,0
bxCuJz28,3
BXnvgta7,0
BYdVQJju,3
BYH0OvPV,3
ByiO2wNW,0
bYQwPl6e,3
byuQ5dBa,3
bzLxTviR,3
BZND9pxH,0
BzUcapub,2
c0ELmjg6,3
C1sZfcqM,0
C2R3FD6c,0
c2wyjbrE,3
c2zkC7AD,3
C3FA2bIg,0
c5U3ftHe,3
C5UmopQM,3
c6p90dtY,3
c7j0qhDL,0
c7RdJeBi,3
C7VHluMI,3
c7W3GtwB,3
c8EwrKb6,3
C8kNw3lb,0
c8Pm4vr5,0
C95wnKFx,1
C9Q2fxWe,3
Cam6BqGs,0
cbKIQuXZ,3
cBo5xfza,3
CBQgIWN8,3
CbZ17GVq,0
CD9oiVac,3
cDFqzIuy,3
cdp9OQFD,0
CdY5qRMK,3
CDyn7csA,0
cE20NC5H,0
CeaDAJ0S,3
CeJYi6nq,0
CEvjs5OA,0
Cf2oSwJ3,3
cFpb3ne2,2
cfTMjbBk,0
cGKVu9kL,3
cGWIvBlA,3
Ch1Z2KpD,0
cHbWY30q,0
CHLrJ7yI,3
chNg8lT4,0
cHNvqp0C,3
CHQ8ze3x,0
ChtAldpR,3
CHX1Zmcv,3
CihpsMjL,3
ciwEvdQT,0
CJ4qKlEW,3
cjLbHRd2,1
CJSNEk9O,1
Ck2oQfe9,2
CK4PIZhi,3
ckpZlL5r,3
CkqIOnQA,0
ckQxPogF,0
CKrPjdsv,3
CLE0IwfU,3
cloeSVhE,3
cme89LB3,0
CNDRh3EH,3
CNkDnIH9,0
cnLolzZy,3
cNTt1mC4,3
cnU70yzL,3
Co6cUPfr,0
COA20HgP,1
coYJXqwh,3
CPbGnlJE,3
CpKHGsSj,0
cPLD2m8B,3
cpUKhqmV,3
CpY25wMy,0
cqaEiHfd,3
Cr4sf2cj,3
CRNXMqZ1,3
cs9lv2AC,3
csHELWCm,0
CsiPNo3u,3
csKGjRnZ,0
csQVGz9P,3
csrIoBbT,0
Ct8nIiog,3
CtgaDZnm,1
CtgIuBME,3
CtPyiWMQ,3
CUbSvudx,3
CUDfZ1t9,3
CugQqaki,3
cUm23QLd,0
CUNu4nQy,3
CUVYXRvI,3
cUZ86JiQ,3
CV92qJb8,3
cVXf796l,0
cwg95Tbd,0
Cwmq5KLM,3
cWU9HNQx,2
CXGjFd7B,3
CYEVyUp5,3
cYpK8LaH,6
CyxZqr4F,0
CyZOPoWH,3
czMqVoTl,3
d016vgrl,0
D07RlLn1,0
D1clAqkx,3
D1ktBdgR,3
D1oyJMks,3
d27GuHEC,3
d2jMKUe1,0
d2QGE8oq,3
D341ai92,3
d3j4DOu6,2
d3KGhI52,3
d4P5CkZI,3
d5gMpF8s,0
D6dw8UaW,6
d6lN5LAD,3
D84xQnVu,3
D8qRuBFt,3
D9LtNCOP,0
Da4XIfPc,0
dachOTFb,0
dAVGU9cL,0
DBjNLWSk,3
dBTHNSzx,3
dcbtmA1a,3
dcC9lvN2,3
dCMqnEOX,0
DCtMnxTS,0
DCu5rfWy,3
De86Njml,3
DelMrPU8,6
DEMJ4X1f,1
dEvPcpxz,3
dEyY0lqZ,3
dfEZTSl5,3
dFtDk06x,0
DfUI4tny,3
DfZ8bSWd,3
dGEkHvz2,3
DgJ8ubF3,6
dGpWIJkw,3
DhV9txXu,3
DIc1Oj3s,3
diPJKhZc,6
DIXwWOH0,0
DJ9phkx7,3
djE02hPR,0
dJm6GEZg,3
DJVkmlzC,3
DJwjveOM,0
dKc3tasP,3
DkJcef7s,0
DkKlb8w5,0
DkUnBlwV,1
dl2o0aJU,3
dlh5PQrW,0
DLn3ycHg,3
dLrIM6UO,3
dlyjADTo,2
DmA8SzOv,2
dmeZk9f2,3
dMFa745Y,0
DMGsqbxj,3
DmOLiXyG,3
dMqbjt4Y,3
DMZCTovS,3
DNcWalds,3
DnLmt5e6,3
dNxkTAaC,3
dO3RvVeI,3
dobCW3qh,3
DoKS5UZ0,3
DOKU7wEe,3
dolCfpTV,3
DOrj1GVz,3
DOulAay0,3
dqOuIBiH,0
dRPJhLN4,2
dRrkWamc,3
dS04Pfga,0
DsaCkKP1,3
DsMpY0cB,2
dSZvhUXW,0
DTU6asHw,1
dTYfys2Z,6
dV7MqsSK,0
dv9H6UjZ,0
dVaEWmx4,0
Dvi5hUWj,3
DvJXBPmp,3
DVjxgMkd,3
Dvpa6C7e,0
Dvpu59lP,3
dvsbSX3Y,3
DVx6bn8C,3
dVxFoNur,3
dwKGgcRH,0
Dwn0x31W,0
dWwD3fCi,3
dx2tF06s,0
Dx3PSwgO,3
dx9zDI1e,0
dXcGDru8,0
dxJ4bYi1,3
dY9xXJIf,3
dYwKPzA9,3
DZpvzFb2,3
dZrYb0el,3
dZSrGIHg,3
dzVnDAE5,0
E0heUtlN,2
e1xgVDMP,3
e2CUz4nt,3
E3cjhwb7,3
E3CYIFLu,3
E4WY6Vfo,3
E57WgUc3,3
E6C8lu9J,3
e6hJcXg2,6
e70ksmNS,3
E78utgP6,0
e7W9Q2jz,0
E7zPYkVB,1
e8OpGTLl,3
e9TBF2lw,3
e9VMAihp,6
ea5vKYbg,0
eAEsWrbu,3
EaJFY6AZ,3
eBCHEIQ1,0
EblVp51t,3
eBWP1QIu,3
ec0RB2rJ,1
eca3U5rP,3
EcDQjXH1,3
eCEszgxb,3
ecIGOqv3,1
eclVvtOL,3
ECWnkAH3,3
EDICcjG8,1
EdjpuSCO,3
eDTHL7dC,0
Edx50WBR,2
eEDV6KPf,3
EefDpxbG,3
EeiMAPs2,3
eEjcQnUV,3
EeUlhmxS,3
efASkQx4,0
EfDNvXds,3
eFHIhBE9,0
EFJbU6lr,3
EfkOGSpJ,3
EgA9SZz4,0
eGIEJFcR,2
egTwlvhB,0
eGuoRZ8x,0
EGvSJAiD,3
egwVdX2f,3
EgysqMzW,3
eh9C4RAs,3
EHYigXDv,0
ei1jRaZu,3
eIaVNhZE,0
EIby4zWv,3
eIFy95k7,3
EiHXmfud,3
Ein0mtjI,3
eIRybu4Z,3
EJdf2DFU,3
EjHZTx4i,3
eJwaFK8r,3
EK4qtOGZ,0
ekPT23b0,0
EKqQxRDz,6
ElftGgiP,3
eLjsH7nB,3
elKpiqzE,3
eLkQR15w,0
eLvQlm4i,3
Emhau2xO,0
EmpZYJj6,3
eMvXPDqk,3
ENbsZUQx,3
ENfTPQXp,3
ENftwO73,3
EnlLSfqN,3
ENQ3JaIm,0
EnR86rD9,3
Eo8pUKkw,0
eOBlz6Tx,1
EOCjU7oP,3
EOdVMBka,0
EoIpLeth,3
EoKyHAPM,3
eOrvQSIF,3
eOxUHGXr,0
EPhoMe41,1
eQkS6grG,0
eQLD8G0s,3
eQoC7h6d,1
ER7alsiV,0
erSItOf1,3
ERT5CZ4e,0
ERVsK0GL,3
ErwHC7f5,2
ErX1Y6ax,3
eSGOvmYo,3
EsLHVp1T,3
et5DHJdX,0
EtgpRra2,0
ETGS4WlP,3
etJObx15,3
EtkgOZj6,6
EtldYFyu,3
eUHI1aGv,0
euMyWZFL,3
ev4J9Znk,0
eVsihzlg,3
EW3J2bh8,3
EWNarAKl,0
eWtx9Kc8,3
EwW9bnTF,3
EWzFPJl4,3
EXh2qGbU,0
EXRqpywG,3
exUJsrAp,3
ey3LYNlu,3
EYM5R1TK,3
EYvnWRTh,3
eZ0CyWRq,3
ez51RTAd,0
EZew8YXW,0
EzGZUWMS,3
EZNQeovT,3
f0bQwvNr,3
f0F4bY17,3
F0VDr9Zc,3
f1nIEl5Z,0
f1OaH4M6,0
f2MbmagJ,3
f2TsUFPm,3
F3LbWkZq,0
F3ozE5L9,3
f4hGKnd5,0
F53g9PLt,3
f5hQVU2t,3
f6JKYdHm,3
f6tXCglR,3
f7pmGyou,3
F7uajIMX,3
F9ImJqCa,3
f9ldJua0,3
FA3UxGCO,0
fA9P6aYp,3
faNnpitw,3
fAQbUr3W,3
fatMUhsL,3
faTVnFmW,3
fAUMw1We,6
fAxzbv9X,0
fbFrvuMy,3
fbRqynk0,0
fBt45ACw,1
FC3xiH8Z,3
fc6Sygdz,3
FcMpiv4n,3
FCqIfx6g,3
fcv6obuK,2
FD3urvbz,2
Fd5xsn7E,0
FDHvu8Ad,0
FdmnKOA8,6
Fdr1DXv8,0
FDu3owjg,3
fe69SVwu,0
FeBMZNzQ,6
femaZYtR,3
FEVaxGJm,3
FfHOiZGU,0
fFpw2evd,3
FfshebaU,3
FG9mv1wb,3
FGh5ASLn,3
fgmr9RNK,0
FH3ZRsEX,3
FHGlRUVY,3
fhGpJsj4,0
fHlWhpJK,6
fhnPg8KX,3
Fhw0gILd,3
FHwtEaNm,6
fi4He78A,3
Fi7kSpPw,3
FIEXfgSn,3
FikPlTvJ,3
FirnfbC0,3
FIYje4XQ,2
FiYU7NOG,3
FIZm5cNJ,3
fJj6xSMQ,3
FJvwbKyg,0
fkcevlA0,3
fLFobn06,0
fLuD5Hmr,3
fM364mk2,3
fm8TRzjD,0
FMUsBjdg,3
FN36fVPw,0
Fn4Q2ogi,1
fn9LuAWz,2
FNBpylCh,1
FNEceJ9a,6
FnQ0XWNV,3
FnroNZXq,3
fo92HOeV,0
fOi7wJ4C,3
FoM3nzGX,3
FOsxo59g,3
fPJHgEOi,0
FQhJ6Zxk,3
Fqj3mHQy,3
FQjfGO47,6
fQkoNJT9,3
fqO7SxJK,3
fr8hKNJP,3
FrCBf1Zc,3
FRgUKqta,1
FrnpWyv7,3
fSlH8UNj,3
FT5yW2oZ,3
ft7ayVCk,3
ftqbkSI9,3
FTWghSZe,0
FuMcY6pP,0
FUsKNL0X,0
fUy54etY,0
FVMLTXAt,3
FvR2L1eY,3
fw6mA7Bo,0
FXaywRiM,0
FyOYtJ4V,3
FYpLdOZJ,0
FZV3cw4j,3
FZV9NUKq,0
g0AwHQWi,3
G0dNzqnJ,1
g2PQHaGD,3
G2YetWC9,3
G3AW6oMt,0
G3geqJLM,0
g3GVFSvw,3
G3n6JE8A,0
G5gTUwVu,3
g6UkQMwa,0
g6VieFmA,3
G7HegRcm,3
G7mSOtEH,2
g7xSiaA4,6
G825pVIU,3
G8rcqgbH,3
g8SJ0hRK,0
g9d15czM,2
G9P1dCxy,3
GA8KXd3x,3
GaB4sAEI,3
gaL1AX45,3
GaNoxbjt,0
GARSgETk,3
GBCeOf1n,0
GBJWkRxA,3
gbluswdc,3
GbU8DunW,3
gBWi5e2U,3
GbYNiDrz,2
gC6r1BEn,3
GCb5PMOZ,3
GcCdm0WP,3
gCdwsM3R,0
GcIYO8mJ,0
GCWRSDZU,0
gDIiXbnp,3
Gdqn17og,2
GdryNVqx,3
gDuHJU7i,3
GDxRXyqn,3
GdzimAtb,3
GDZkL8Cy,0
gE7UF1f9,3
GEa3NiQS,3
GF75ErAc,0
GfHLv43y,0
GfytarsQ,0
gGXx6vzZ,0
GhcJ9Z4D,3
gheEPUuy,0
ghk1BWIz,3
gHpueayz,0
gHPVopD6,3
gHriZ2ln,3
GHRyXWQZ,3
gIB47alr,3
GiNK6dUa,3
giYKWu2h,0
GJ9fMILW,0
gJC1nqNW,6
gk3sU1wx,3
gKI5f4mt,3
gKjlv79Z,3
GKLdR4N0,3
GkOoHSwN,3
GldF7xHp,3
GLfkMX5u,0
gLIZuaNz,0
glx1PduJ,2
GMCiRDWI,0
GmoUFIuz,3
gMSFJ5UR,3
GmyOQpLu,3
gNFqCSE1,3
GnhxkbcE,3
GNKEYqi6,3
GNRM0EZ1,6
gNWqte1i,6
goHmZxYB,3
GowPveu2,3
GP27Rhuj,3
gp4q0oy9,3
gPJ97YpD,3
gpuXb6Pw,3
Gpv1ntYg,0
GPWkxtag,6
gPZRknjb,3
GqAZUpEd,0
GQoZYySD,3
gr0U498S,3
grRKINlc,3
GRtcBqns,3
gSa1ykz9,3
gSDtreIv,3
GSfklKyH,0
GsXZT1Hu,3
Gt5reUn2,6
GTJiIgqj,6
Gtme6lEQ,0
GUc3oOmz,1
GUKIxOhl,3
gUMoeSmx,1
guNchK5U,3
GuOnfwTg,3
GuyN3Qaj,3
GV2Qpozs,3
Gvfuxpt1,3
GvKhYk1a,3
gVLAlxpH,3
gVmH1iMK,3
gvtxm0Gq,3
GW9NBVLe,3
gWA3v9zZ,3
gwhfGxzb,0
GwqogABp,3
GWThOy7P,3
gwyZEvqx,3
GxsP7ohM,3
gXw0J45j,0
gyc3BJXM,3
GYEziT45,3
gYhjsJW5,3
gyY1FnPB,3
GzeQNFmu,3
GzmSvQIK,3
gZoNyAGB,3
gZT2RWMV,0
GZvLNXSI,3
H1ANiRSM,0
h1q6dJaE,3
h3YgolXV,3
h4wpKQOL,3
h6L0yEFf,0
h6PsdwuS,6
H6vA1jCk,3
H7cfKFaX,3
h7cMQ5O8,0
h7KkazmZ,3
h8YaofSF,3
h9FWqIny,6
H9OzoQdC,3
H9S1ZD8p,0
H9UastWl,0
H9UoNrdb,6
HAGz1qFN,0
HAIvwEKl,3
hB3slnQ9,3
hBjt0apJ,3
hBRVkI73,3
hBZk84sV,1
HCVlkASa,3
hD3EnbC1,0
HDbUMmVK,0
HDVIkKXp,3
hdVPFLYE,3
hEFkRLQr,0
hFDZSCEG,1
HFnQZu5t,3
HfygzO1Y,0
Hgb17qan,3
HghAMFQz,3
HgjF8InJ,3
hGn4oFPN,3
HgWSlbAj,3
hHfsUzak,3
HIC3zuwl,0
hiqbcx7N,3
hitvfQCw,3
hj2ouKON,1
HJjuObsD,3
hjvT7PUr,3
HJXSiC2p,6
HkeW89SD,3
HkNKtRUb,3
hKrOuvwA,0
hkvtbjSP,3
HLJScg4Z,3
HlnYaJ7f,3
HlpbxTqe,3
HlyasmSK,2
hmCu5HcV,3
hMmKNuBq,3
Hnh8YliS,0
Hnly95Fi,3
Ho3Mxc4D,6
hOQeHB9D,3
hOsXx9L8,3
houYHIJ0,3
Howgi2UA,3
HOYhkC9j,3
hpbeZwL8,3
hpBQw7G1,3
hpiUmDQ7,3
HPuosZkf,0
hq8t2Yxr,0
HqFCuDtp,3
hqQ08CVp,3
hrbaHVNF,0
HRdnZwcX,0
Hrv8aADQ,3
HrWZNUnj,3
hryNBjCT,3
HSAr32F7,3
HSvkAOKw,3
hSzovewX,6
Ht9YpAxf,0
HTLARErD,3
hTy1BVXW,3
HU1vwqg9,0
HUalb1fG,3
hV3wfKJm,0
Hv4DKi1w,3
hwDrknf2,0
HwIvaoJ2,0
HwJ75nTp,0
hwlkt2BZ,3
HwN1MEqj,3
hWOR67IM,3
hx6Pe2fw,3
hXV9Tq6S,0
hy4s1vPF,3
hy85zXnp,0
hYBpZuzG,1
hYCLHqMX,0
hYJX1bvo,6
hYmtAlZn,3
HYsgocWQ,3
HYUo4cqI,3
HYxED0Km,0
Hz4VRYNk,0
hZ8qSVrc,3
I0aNgoL4,0
I1CALO53,3
I1uLGpU9,3
i2JT4zaQ,0
i2qUNuyp,0
I2Xw5pKn,3
i31fXUDr,3
I3OrXjmy,0
i3PvKo7q,0
I4mAoPFJ,3
i4MLNwmu,3
I5axlwYR,3
i5e0MpIF,3
I5qzUEXt,3
i7BJYw2d,3
I7CHvRN4,3
I8Y2Qx3f,6
I9beUqLX,0
i9fjkbOq,0
IA3vZUGx,3
ia5gUTbP,3
iAB8TP25,3
iaLBez3l,3
IAlJF8Gi,3
Iap5Fkeq,3
iARTclSz,0
IaWCbkdi,3
IaXshElU,0
Ib4v7TrF,3
ib7ZMmSd,3
iBGn8JlH,3
Ic5dVPTA,2
icERW2QO,6
icewBNDH,3
ICnJe6hZ,3
iCQTg9un,3
IcwitYAo,3
Icy4S72s,0
iDsI7yeL,3
iEnCgBY9,3
ieT9zky2,0
iEuzAUQc,3
iFgVzmX1,3
iFIUaBST,3
IfMSbj1a,6
IFvanhGy,0
iG2vjO7D,3
iGdIof0X,3
iGfhc9Nk,3
igmIBT38,3
IGnYUeqZ,3
igPT4Ozd,0
IGQpsdvT,3
iGuq0kh4,0
ihJlXr2C,0
ihjZ9C1I,0
ihlbf0Bk,3
iHn8YOI7,3
IHOTmL0B,3
Ii5MwlKt,3
Ii6FS0Xz,0
IJ0e4rVs,3
IJOvHg5V,3
ijrHu0JD,3
IjxNAb01,3
ikCHZmsj,2
IkOaP1Sg,3
IkU1buv7,3
ikvnlrwG,3
iL68MRTp,3
Ilb4j1pQ,0
ilebIOHc,3
ilETJYZ1,3
iLIwotzO,3
ilO4g1J9,0
IM8BrcbD,3
iMdGReuy,3
IMnJ0mRV,3
iMvZDrNw,3
imWIhPfs,3
IMyaU8WK,3
INnLsO8J,3
iofzl16n,3
IOWzTEZl,6
ipFGy0Ig,3
IprzjC6q,0
IPsgWCKE,3
IpSt5a2J,3
iPWIN8oU,3
iqatgKOB,0
iqEub8LO,3
IqfPNnEl,3
iqH6AEPw,0
IQPCJyzO,3
iRAGHoPW,3
irGzfP2Q,2
is6lrKCX,0
IsAJNg3p,3
ItAX9asi,3
itujJHgs,3
iUAHN5W2,0
iuFzgnQ2,3
iUTtc8ZB,3
iuZelR5S,3
IvPTRVD6,3
iWAlYHoN,0
IWFw1sHo,3
iWr9veRS,3
IWruX9Nd,3
iwvctaIj,3
IX8KlCMo,1
iXG8vVLJ,1
ixknOf1K,1
IXnbT3KG,0
iy0YoKjb,3
IYstXwG5,3
IYvVyMOo,3
Iz5PfUCA,3
IZbY2i5e,0
izQC1TYE,3
IZqDXjAw,1
iZSEHzU4,3
j09u8E5Y,0
j0sAdTIR,3
j3yaYH8Z,3
j4AbTcna,1
J6Mzp1AZ,3
j7dnxK2y,1
J7PLOkeg,3
J7r1MeWf,3
j7S0JbfE,3
J7ZEbosO,3
j87W2Gws,3
j8IWP2Q5,0
J8n6cVTR,3
J8sqQk19,3
j957bPXm,3
J9rKe3RY,3
JaIGXgmQ,3
Jb2sc5uo,3
JBCmyq3o,3
jBZ7OpNC,0
JBZWld10,3
jc1u80yg,3
jc5R4YMP,3
jCchRuiU,0
JCi6qHuv,0
jCnxAf4m,6
jcoG9nNe,1
JcpLYglt,3
Jcw4lFW7,3
jd6rkU3c,0
jDnOvrmI,6
jDoIHgbK,3
jdyYPLW6,0
Je1hSTLX,3
JeItzn5S,0
jEnB7ogH,2
JEQ9LD8d,0
JESjNWUO,6
JEUQsMVC,3
jFeJSa3H,3
JFjPlVQU,2
jfmMgpW6,3
JfzCQxTw,3
jFzqbIud,3
JG2rnAgW,3
jGcpNFPH,2
jhlvxUmS,0
JI9ld7C4,3
jILQ9v5O,3
JIOq6ZQ2,3
JipmAay7,3
jIV84NUK,3
jiVRwDlk,3
Jjb5D3CZ,0
JjeMNFkH,3
jJWVuQHM,3
JKkQpzlf,3
JKo3ckBt,2
jkXY4Z5E,3
JLAGKrDo,1
jlcQu84S,3
JlzBWAiQ,3
Jm6P0uiI,3
JMA87uqO,3
JMB0T1np,3
jMbC78tD,3
JMh1fe4k,0
jmNcZloY,3
jmOu8DPN,3
JMsuL51v,3
JMz6oTwU,0
jn9Pegvy,3
JnIi2U8k,3
JNrUywT5,3
jnUx56Xg,0
jNUYJ1rR,3
JoIchLn7,0
JOLqVfEF,3
JoWpBIbE,3
JOySB8Qo,3
Jp2LjfQn,0
jpa61O03,2
jpATnikz,0
JpyGPFc7,0
JQAXql50,3
jqbmv2hf,0
jQI4mKHi,3
jRIYWb8q,3
jRJwBVO0,3
JRPqaNtd,3
jrqAldxh,3
jrTxtWVP,6
jRxCybZP,6
JSGDXoFi,3
jSQLsJnT,1
JSQy26tw,0
jt083Ovz,3
ju4PTai7,0
ju8Yf5J7,0
JUWiAvBo,3
JUzk1e6W,0
JV5NmhBr,0
Jv60wE1F,0
jVcWt8Qf,3
JVgLtP34,2
JVjPc7A3,0
JVOLMKy1,3
JVTbOucY,3
JWHtMGzq,0
jwVCaKvY,3
JX9zxbrZ,3
JxbZCM2R,3
JyHxhcVW,3
JyMAqzQk,0
JyWYMO6k,3
jzl90eFn,3
jZli36QG,2
jZqADeM0,0
jzrL8oU4,3
k0djUVzA,0
K0fpXvQA,3
K1N76yrz,0
K25pSv8V,3
k2fpZY1H,0
k2ifFIhX,3
K2OcqBil,0
k42VHljh,3
K43w917V,3
k5teXFQo,3
K5YPm97Z,6
k6pFvs8E,3
K7NB9DTQ,2
k7T8JbL4,3
K9EWhfti,3
k9GYnSTc,1
K9ZdR32r,0
KA1qQgI9,0
kabsxONW,3
Kamf7zTX,0
KamNMP9r,6
kAmULZSE,2
kaW0BoFx,3
kaXoWLbQ,0
KAYfpXvO,3
kb2SwRPa,0
KB85iGOy,0
kbmc9Htv,3
kBpuTJZb,3
KBUMT358,3
kbwRQvnl,3
kBy7ng25,3
kC6P4V5M,3
kD0tycT8,0
KD5BjnIF,0
kdC7INv8,0
KdsPbH7A,3
kdXflxeW,2
kDyhd1Wn,3
KeacGpOl,3
KeiGpMyo,3
KePMFkST,3
kEvtHwzL,3
kfeQOd0E,3
kFQTN5gO,3
KG04wxEI,3
KGhCX2oB,3
KGjhAnl8,3
kGmMfEcK,3
KGOX4BfY,0
Kh3cAaqR,3
kHdtr5sh,3
KHPVJeg5,3
kHWwU7nd,3
kI1nRv3C,1
Ki7rWg0V,3
kibh7ZPK,3
kiBNQwdl,0
kIdE4zYX,3
KIfDXFN7,3
kIJCabAV,0
KIrkcANO,3
KiXArfSd,3
kixnBarj,0
KJAbG0sd,2
KjEZeXLW,0
kjHmw142,3
kJLDGPEB,3
KJy0lVAp,0
KluIBE1g,0
KlVa4s2d,0
KlWfZwTk,3
kMc0Bwx1,3
KMi2kNm4,3
KMmbpx9G,0
KMyI9JcE,1
kmz5wNeq,3
kndgbI4v,3
kNhO80Qw,0
KNPT7rdf,0
ko1S5i0N,3
KONcaxXB,0
KOrJxDbR,3
kOVzph8Z,0
kOYqy6I9,3
kpGtO6yS,3
kpMPfmj6,3
KPwz5aRe,3
kQbTRCI8,3
kqHsuFpN,3
kqSXD47h,0
kqtK1D9y,3
kr0L5PQW,3
KrTnH3Qu,3
kRvPHjKp,3
kRxHPLNl,3
Krz1SMxT,6
ksFryQ8b,0
KSmQPrfk,6
KsWyvXTS,3
KTR1qy0x,0
KTwdoj61,3
Ku2hGgji,0
KUpq5XgQ,1
KUQ9EZeg,0
KuwTZHxG,3
KUZ5eg8k,0
Kv2guLqN,3
KVBM5fqT,3
KVW6gpm0,0
Kwz7FYlI,3
kxMjFhN1,0
KxVULm5q,1
kXzhUneE,3
KydAg4DO,0
kyERJ2DY,2
kYfK7G3I,3
kyN2rCd5,0
kYUfgKH3,3
kyV5n2zj,3
kz9cdCPQ,3
kzAVvWMJ,0
kZCeNiM8,3
kZFO2Srs,3
KzL6ZvRr,3
KZSPcDxX,0
l0OzVRmM,0
L0pVInju,0
L1U7r52k,3
L26a4rvJ,3
L2lYouJm,0
l3E2LNJS,3
L3vGX5nc,2
l3wcpGOZ,3
l3YbhtHO,0
l4gNti6m,0
l4Nnd7DS,0
l4zbjwkQ,0
l5iDRnFz,3
L5oSnsVt,3
l5SxwFhZ,0
l6d0RHM5,0
L6eZqAnV,3
L6x21syp,3
l7VMfr14,3
L8am7ejx,3
L9hdmnwt,3
La2bkrcY,0
laH2C36W,3
LalknmSD,0
LbIa6zpc,3
lBmuvSgU,3
lbNpfVTP,3
lBSavY3t,0
lbYa908M,3
lbZA0aWM,0
LcamVruw,3
lCDOHYuV,0
lCS84edZ,3
LCxk1fsN,3
ldVSF51L,3
lEkC9730,3
LetmgyG8,3
lewIaKkH,3
lFgoc4mj,0
lfJETzi4,3
lfnJrUTy,3
lg1niWPr,1
lgfTq0WR,0
lGtmZfCU,2
lH1pMaWr,6
lH5n4Y2e,3
lhC9x7sP,3
lHxyWJ8E,0
LIlQOvNZ,0
liprOYun,3
lisZPdy8,3
lIu0qrLG,3
liU5brAP,0
lj0kOIBC,3
LJ8AaeO6,3
ljUp61Qy,3
LJYPvRhI,0
lK2dHVug,3
LKk8NQf9,3
LleCtxho,3
lM07Q5bi,3
lmtQk5Ke,3
LnAbHJUr,3
LNBjDhtT,0
LNcgjqJC,3
lNGFKvDc,6
lnIFfYSg,3
LNiXVkK8,3
lnKaEMwe,0
lo1gWscS,3
LOQEC2VJ,3
lP3AQ6Fa,0
LP4cDVze,0
LpAl7I3h,0
lPT4do69,3
LPwOYVDp,3
LQ0kxrY2,3
LQaOVX6s,0
LqJ54aZr,3
lQWAzxHI,3
lr5Hmiq6,0
lR7YVake,0
lrhd4eFO,3
LrKmWyfN,3
LrmtS4Py,3
lRqv7ywZ,3
lRSGgHOt,3
LrSN4Zi0,1
LSFsWG0t,0
LSKjICDY,3
lsnykWEj,3
LSO5ZlJu,3
LSsBj92v,2
ltcdHKYR,0
lTINxAto,0
ltQVNrTA,0
Lu06Fo5N,3
LUCfj1ks,3
LUiqk8Bx,0
LUjsf4P8,3
LUZiAgaQ,3
LV7Sziha,6
LVC04ANW,0
LvqjT8QX,3
LvQq7FZE,3
LVvUh97o,3
LWaK2XB3,3
LWuwEjMJ,3
LwxgjsI9,3
LWZBJvfj,3
LWzoBbK8,6
Lx6RTvJ9,3
LX9q0yfp,3
Lx9Zq6BF,3
lXiDhZGC,3
lxiku2fn,3
LxtdDhY0,3
LXUzMmTc,0
lxvanW5z,3
LXyBVGO6,2
LXyYmg60,3
lxZnVymf,1
lY0suTO3,3
LYT0UG7g,3
lyxcdY4C,0
lzbf64tR,3
LzI1pqYC,3
m0GrH6Qu,3
M0KxP1rp,3
M1BwZP4T,3
m1pNSBiO,0
m1ZlFRqn,3
M2fyQ4x3,3
m2GcSwfZ,3
M3LhsZQk,3
M3VqQB54,3
m4LES3xN,1
m4tpCfJw,0
m571zqCP,0
M5La7dTH,0
M5ZSCqkm,0
m6R21han,2
m6TJ5Eot,0
M6TS2wWk,3
M7UipCyV,3
M9Lwshc1,3
mA1qZ7hz,2
MAf253g7,0
MB5tzTQq,3
MBKqglud,3
MbOR4N3K,3
mc7W9gRk,6
mc8HgfKW,3
McABoCxY,3
MCNfHU8R,0
mCQudEx8,3
mCSBAxE7,0
MCslgXJZ,0
McxBapsF,0
Mdbf7phC,3
ME7kxfC1,3
MEAWelsk,2
MeCwnSEy,0
MemTRnLj,3
MeQ9vnhu,3
MfekumTi,3
mFgyNLsS,0
MfHkt3J1,3
MFqyWOVs,3
mGe01pIK,0
mGJWiIeH,3
mGTfFonq,3
mH0ek39K,3
MH3Dht8N,3
MHBXw4QS,3
MHFhk5w8,0
mhFxi2Vc,0
MHKomjrE,3
Mhu32dV4,3
mIFzZaOE,3
MIJ56xcS,0
MiryLvz8,3
mjbutsS1,3
MjSpvABU,0
MJuGOEYh,3
MjuIOkWG,3
mkBiToYU,3
mKhelST1,6
mLFjNwxo,3
MlfUA1dE,3
mLka2tPH,3
MLOl8Jrf,6
MN7V0SaA,3
MntwTmOL,3
MoiH01ck,3
Mol4TkDn,0
mOZfMR50,3
MozGj4Xx,3
moZz8SIG,3
MpJPEuf6,0
mpQaZWkr,3
MQ4mGvAL,0
mqa9wGhj,3
MqcJzNoA,3
MR1IDzC0,0
Mr9V37Tu,3
MRboJDF8,0
MREQA5hj,3
MReSwr1y,3
MriXKmhQ,3
mrPbBqyk,0
mrYBvHZS,3
MrZCq1Wz,3
mRZyQ6TX,3
MS1iNC2z,0
MsfLTEI1,0
mSMXvilN,2
mT9DANPg,0
mTD4fXjR,0
mTDR2pAI,3
MtomL53u,3
mtSuAhvx,0
MuaDOo9n,0
Muj7lD1G,0
muqR6v3P,0
mv3EjdyK,3
mv9sK6n2,1
MVdpgB75,0
Mvi4VtNe,3
mw6B0vjL,3
MWEVXG3J,3
mWQwz5JE,3
MXAWTo8k,6
MyJTuOUe,3
MymaxB0b,0
myO63oe2,3
mYpHustG,3
mzaZeloY,3
mZfPrWhd,3
MznwVhxZ,0
N0pkTQyo,0
N16SdRtl,3
N1EYewRy,3
N1f0uQeF,2
n1jNp9Q8,3
N1MwKcgS,3
N1R0YtnU,3
n1wFrNu8,0
N2lDUB7M,3
n2T653mi,3
n3MXpdBG,3
N3scrkWR,3
n4x93S0A,3
n5vOikfF,3
N69RuUKz,3
N6JPTt0j,3
N6pEYuwz,0
n85du9yA,3
N8gBDRP3,3
n9FJxSbm,3
N9Xt0JkY,3
nACarBKo,0
NacJmiA0,0
nAdikEsF,3
naiN5fbQ,0
naLdj2g3,3
naObywDq,3
naqAyocG,0
Nb9QEh0X,3
nBLI2k9v,3
NBQTqrw1,3
NCe8Oc94,3
NCpf9w8G,3
NcQ627qY,3
NcYswizB,1
nd0oRuAX,0
Ndo2VrJl,3
NDP8xVJB,3
NE6rv2za,3
NE82LmY1,3
Nehdml9n,2
NelWo0KQ,3
NEr2aMwj,0
NEvwkTtH,3
nEyCcg8f,0
NFLm9h3Q,3
NfvdGmeq,3
Ngh3JVcD,0
NGwTkBSb,3
nh1zeFLk,3
nH8ZhOSP,3
nhmkBYgP,1
NhsAtF4R,3
NIWQe96q,3
Nj5C1snK,6
nJFM5yx2,0
nJPLqtzg,3
nK3PothR,0
nKbdNwq8,3
nkjdCL67,1
NkjVHU1I,3
nKLs3DMd,3
nKrz0Okl,0
nkvecaTJ,0
Nl6HrI9o,3
nlCAQNKb,0
NLKsXFcb,3
nlo9WBu6,3
NLrZwfK7,6
nLsRm7bc,3
nlsuxPb1,3
NlWZXm06,0
nME9zby5,3
NMiG48ze,3
nmK8Qxz9,2
NmlBjShL,3
nMOl7Js2,2
Nn2EwfIp,1
nN3GQ4qk,3
NneiYd6F,3
nNsZY1ji,0
nO6KSTvj,1
nomvO9d4,3
nowHvuiP,3
NP0eqKdk,0
NP8Fgvm2,3
nPOuKNWw,3
nQ3AxvHo,3
nQ6MYyoe,3
NQ6r5iPq,3
nqAjtJiL,6
NqkpwLUK,0
NQpTPWMZ,2
NQWKe7yo,3
Nr3IcLo4,0
Nr97g0o5,3
nRbOAHWx,3
nRwqkAtE,3
nRX1Q7fj,3
nSG5B4je,3
NSneCVfh,3
nsZXVWrz,3
nTl6kZFt,0
NtWgiu7Q,3
nubUE8cM,3
Nv7rZGRF,3
nVJpFLce,3
NVL0vQ58,3
nwRvDge4,3
nXckxP6z,3
nXfCx25c,2
NXs6SuIC,0
nxXyTogD,3
NYifOelu,3
nyLbQfxF,3
NYTX59EU,6
nZ2dPRJx,3
NZQCO67w,3
NzrYFk29,3
O0P4xgJm,6
O213cLwa,3
o2lVceBd,3
o3pmlfzw,6
o4wPj1Ea,3
O5UhijtV,0
o6Wr9LUq,3
o7aFyCdp,3
o7Jn0MLR,3
O8rcgi4u,6
o8RnMe73,3
O8sJAmrS,3
o91VzWfp,3
o9gk57jI,0
O9kXpVmD,3
OAEBRufe,2
oaEKXJ4f,0
oAmuKYkF,1
OAx5qNTG,3
oB7YXcsd,0
obgEa68r,1
obHvESjq,3
OBQFVrmc,3
obUz42wj,0
oC9Na24R,1
OCMu3AlF,3
OcpWPN8a,0
OcylIpUd,3
Od1KEsNy,3
Od9Njrp0,3
OdjkwaBW,3
OdVk8SPj,0
Oe09xvkf,3
oEBzbWtc,3
oeh6Vwvu,0
OEsxTYyc,0
OfbAEaHe,3
oFPUnacC,0
OfQHJ51r,6
ofsDpN8U,0
Og5skWNm,0
OG6giCt4,0
oGFXwban,3
oGWwB125,0
ohD2RC0k,0
oHKaGEdY,0
ohKrlW2S,0
oHLu4cyG,3
OHpLvzaK,3
OHs5wU4D,0
oJVqhTng,3
ojy3ZN4i,3
oJyqI08M,3
OjZzxpd9,0
okBZUvdY,3
oKq8mJHM,0
oKVHBWxG,0
oKW3yHP2,3
OLDFRmz9,3
OLpr4u5v,3
Olx7gipM,2
om0sGEU9,0
oM2f6ZE8,3
OMuVSEW4,3
oN1O4pEB,0
ontXY41H,0
oO09Ieh3,0
OoZybcPk,0
OP8fD7cx,2
opUzcnve,3
oqg10SZm,3
OQoNfCxV,3
ORDWbL4V,3
ori0x2HJ,3
ORIiMkcn,3
ORnI7D2i,3
os9jIiCd,3
oSAfOEXc,1
osDpdObR,3
osJV9XUD,1
oSXBVJdq,0
oT3qPWUS,3
ota4b1hW,0
Otd1zx5b,0
OtigsPwy,0
OtQsHIkT,0
OTqyX2Yg,3
oTVAnOet,3
ouBZdzkG,0
OUHmpf1x,0
ouid0zA4,3
ouRNBHKU,0
OUyG4qQI,3
OVhrcolt,6
OvV3lcSI,0
ovVGB6kZ,3
ow7IZCFY,0
ow9zBT2c,2
owkGm6SJ,3
oWT7iUC6,3
OX9beHvY,3
OxAmZs2t,3
oXvQK4ij,3
oyMiKWGH,3
oYOAqbth,3
OyXcfH7J,3
oZ17Eqdc,2
Oz9v6V5Y,3
OZs6H2EF,3
P19YhWMR,0
p37lrH0F,6
p3BG9yM2,1
p3l4zFCs,0
P3s9pDaw,0
P3ZMyUAi,3
P4MC7J53,0
P4zAgYor,3
P6ue3E4L,0
p8kh7HJr,3
p8KR2CYx,3
P8pe9ELk,0
p9cEAJsy,3
PaIhXblM,3
pAToKG6J,3
PAXB6cr4,0
pB2WTZq5,0
PbG1nZa7,3
PBGMUScQ,0
PbKt4rfq,3
pblEtqOz,3
pBvjka2l,2
pBZISn42,3
PEA243Jp,2
peLqk1I2,0
PENafCh2,1
pfsIehvA,6
pFwb3kNq,3
PFyoJOdT,3
PfZTJOIp,0
pG9ObDXu,3
PgJLevs1,3
PGn9dH2v,3
PhCm0gXi,3
PhfGVOi1,3
phK6A3xU,3
phQXcHPA,0
PiW0YOUK,3
PjZuHzT1,0
PKmVdMC4,3
pkNUzfQR,0
PksQfXh1,3
pkvjROoL,3
PLH0Dvd6,3
pLo80Wwr,3
plqw1gCb,3
plY4UDIO,3
PM20B8ie,3
pn09yCZU,3
PN379F5a,3
pndgP9cz,3
pnwdzT9G,3
pOQhoCkw,0
pPZKThN5,6
pQeSBWNw,1
pQSbsJcr,3
pqvO5P7N,3
PRFZWhc4,2
prnh2i4F,1
pRnoKy7F,3
pRVO9SmL,3
PSmZFG2n,6
PTFcXNHU,3
PtNnYld8,3
PtZvkWxH,3
PU79145Z,3
pud8UHcG,1
PuhTMbGW,6
PUIZdJwq,3
pukYiMEN,3
pUwcbQBv,3
PUytm5EW,0
pVmJjWTc,3
pwC9GP4m,6
pwlBLncu,3
pXa0AbgM,3
pxcNUlYu,1
pxSJ8ICj,0
pXZYdHae,0
PZ9aFcOD,3
PZR7t2nv,0
q0gbeyui,3
q0m86rSo,3
Q0YRcZfw,0
Q26oyZgx,3
q2uIjwF8,0
q3fcWia9,3
q3Jg5obh,0
q4PtiW7I,3
Q57AkIDR,0
Q5c2MKhY,3
Q70E85Pr,0
Q76AOydx,6
q7xtyX4c,0
Q9uKq2aM,0
qAmTGKIJ,3
qApzcxfo,2
qAuxKrXY,3
qayWANdg,3
qb1GV7zw,6
Qbz7cLGq,3
qCmzM9uU,0
QCvoSBpR,3
QD3LgpiB,3
Qd94hSfo,3
qDsE4yhl,0
qdwDvbRH,0
QE3wlM1t,3
qEGDfQuB,0
qeJHgtVm,3
qFEUtPO0,3
QFwAl3L2,0
qFzHfBTu,3
qGan1pEy,3
qGiSw2D5,3
qhF5EmKZ,1
QHMPacbg,3
QhYHny3r,3
qiAeBInp,0
qicX82Dp,3
QipL41yR,0
qipLl30T,3
Qj75xrso,3
QJ7vPHmw,3
qjCXzJTS,3
QjeD0say,3
qJNcBwpa,3
QJqKNU4p,3
qJTk2ndf,3
QK45uaXH,3
qK9rihTJ,3
QKTNa0id,3
Qky8MZDh,3
qL4dHXTp,3
QlBofNZX,1
qlo4gSFO,3
qlXUI5Hh,1
qmMuCSV9,0
QmpjPVBh,3
QMWif2oR,0
qNBVWoIt,3
QnUjJr2e,0
QO8NkdGc,6
qoCGpUWH,3
qOFadb6S,3
QOl6ZYr7,3
QoRm0hCS,3
qOXf7gQG,0
qpgu8bhN,3
qPhMTrCn,3
qpi4Ryfa,3
Qq2SXfw0,3
qQA9IDeL,3
Qqd4EBW8,3
QRCzovKp,3
QRE3eG5x,3
qri5Gc3d,3
QRPDwGez,3
qSMyFvba,0
qSynV05L,3
QSZfCK59,3
qTmVkEi3,0
qtNy6hSc,3
Qu8H5gla,0
QumzsyqU,3
QUxOnMCI,3
qVa97FoP,3
qvpeyOVW,0
QVPUAFun,3
QwFVdv3S,3
qWZdRMhS,3
qx1ZaphM,3
qxe2fd7V,3
qXJp5mih,3
qxympPQA,2
QZhGIVzY,6
R05Z6hQm,3
R0viFJGM,3
r1gzAFW7,3
R1JfUZGK,1
r1QlykZY,0
R2GBX9wI,3
r3EUJe5w,0
r4Ghvojz,3
R5UJrqSo,0
R6QxvyAT,0
R7jzFTMo,0
R7rgbecJ,3
R8hYZmUl,3
R93zSUNI,1
R9g0p1Mf,0
r9zmwEYn,6
rA3nahjm,2
RAOQSiP0,3
RaoWj0hP,3
RB7NomAK,1
Rba6Ipqo,0
RbEAPoY9,3
rBquidve,0
RC3kjdlF,3
rC7HvaRz,3
rCdTzoQg,3
RcLXy0ng,3
RCotO5Nv,0
RdEbV9lM,3
rdeTbkxA,3
Rdh8ZJjr,2
RDHYh5KA,3
RDQqK9yi,3
reCNqWDK,3
REg4mis6,0
reJgXEHa,3
RerxuJAK,0
rev5ZtgS,3
rfDEQd82,0
RFSqdUcA,3
rG7wyYjm,3
rgA71M3N,3
RGlHun0a,1
RgOcCaGd,3
RgPjp94v,6
RHYo59z0,0
rHZRGaId,1
RI3hot42,3
ria1IHYJ,3
riasMc2E,3
ricCbaOt,0
RiDwXMb7,3
riS2tcjm,3
rj3yCOpX,3
RjHP6Qvn,3
rJoE2dXs,3
rk7bImnH,0
RKAJWCF4,3
RKiBj2lp,3
RKNUVDeX,6
RKpxgdU9,3
RkxANdgl,3
RL8DYjp5,0
rLdTfPZW,3
rLQmphTY,3
RlU8TCIb,3
RMEv2wQO,0
RmhFyxDI,3
rMJdjoam,3
RN0OjFAg,3
rNI1anAU,3
rNjOqalK,3
RnQkyESG,3
ro7Kpke4,3
Ro9Jxvg3,3
rOQcHSWU,3
roQM0jXB,1
rOsaRuBQ,3
rOt4IsbF,0
rOVpnhvy,3
roxOB1Xu,1
Rp59LAob,0
RpzD1ZHg,0
rQ5uvp0L,3
RQc8bOqe,2
RqlJu8rz,0
RqYcsx7X,3
rRUtYAgi,3
RS9fIzCG,1
rsFqximd,3
RsZxnvrq,0
rTNpU0zJ,2
rTnujPKo,0
rTxLUHBe,3
RtYmkWXy,3
rUZG5x1q,3
RV4be0ci,3
rV7du6nH,0
rVbxm93y,3
RvFju5Pq,3
RW1qlrpJ,3
rW9G1MtJ,3
RwLKhngB,3
rwtD0cI4,3
RX2GPvYx,0
rX7zUBlL,0
RXATBC4W,3
rxGSm1Cw,0
RXhGab0P,0
rxMO0Twb,3
rxQRfXO4,3
RXvWsEq9,3
ry0X6kae,0
RY7sOqCg,3
RYdI3Cya,3
RYUASefq,3
RZ7zrgfU,3
rZBQl03e,3
rZfzjUoR,3
rZjDJCx5,0
RzMLkIFw,3
rzvj5x3c,3
RZw3QfjD,3
s0FKtqWZ,3
S1jR6Qc3,3
S1sUv7lY,3
s21yIXCe,0
S2UGg4IN,0
S36WTjYu,0
s3a6gMS8,3
s4RvFdyD,0
s5NzUM1G,3
s5XayKqE,3
s5xyv6OB,3
s6IfPkdM,3
S6jV3ElK,3
s6UA85Q7,0
s6W7ZEA9,3
s7idqSlQ,1
S7TLtJ0m,3
s7wj2eWS,3
s9dKF6uE,2
s9lvjDaU,3
saNkVbqm,3
SBnFy7vr,3
SbWqXaDi,3
SC0Wix53,3
SC73YGUh,3
SCPkNz13,3
SCPu5E02,0
SCTjquE9,1
SdBWbuMw,3
sdlajTy3,3
SDo6N3Gj,0
sdT7Yk10,3
sdVFxXcJ,6
SeArGf2v,0
SElBDktK,0
sePAl83H,2
SEVkNMgI,3
sf3yIl80,3
sFPOhrNL,0
Sg7AtflT,0
SGJ8s9B7,3
sgM8rGZ6,0
SHIy1VBR,3
ShnHwOy3,3
ShroYu6g,3
ShYFdcWw,3
Si0gQVqC,6
sIG5oEQm,0
sIkAZpGt,0
sIlR8eqS,0
SIWnNodh,3
SiyhPHu5,3
Sj5Tuo2n,6
sj9Ir7kW,0
SjBDiv51,3
sjchbnLZ,3
SJiWpvED,3
sk6ral2h,3
SKAEC3RQ,3
sKqCUkGe,0
SKXwdMuI,0
SL03QC2h,3
sLmfjW4l,3
sLmqi4MF,3
slO7vazk,1
SlPohs8C,3
sLSr6NH7,3
SlUcHZKF,1
SMgtqRJm,3
sMnkoZEr,3
smNt1nvS,1
sMvR1a9l,0
sN59jCiY,3
snCaAILi,3
sNrYLBKR,3
SoBq0yG6,0
soTrj4eN,0
sP4l0U15,0
SpBH8q0F,3
SpCPhkOT,3
sPh3Kr5e,0
Sq0znCOG,3
Sq5we9z0,3
sQgaULWA,3
sqISgiVE,0
sQyk5D01,3
SRaMj2dc,3
SRAs1Otq,3
SrgLwCmR,3
sS3m2deN,0
SsZyIQJT,0
STnzLRg5,3
sTSxMV41,3
sTwIqbVM,3
SU3DT7K0,0
SUA5DwTp,0
SudOJ25B,3
sUHIr2PW,0
SuIwOMci,0
SuLgatkf,0
SUMqkz9J,3
SusnTVMe,3
suvDhgOa,3
sv5WP4GA,0
SvhCl2yZ,0
sVP5KgMz,3
SvQrXuaP,0
sVtrXnpY,3
SVxFlCjp,3
SvZ6FIqW,3
sWr8Zvl2,0
sX6IEw7D,0
SXlmcK5L,0
sYc8Dt56,3
SYvGuX0H,3
Syzl7uTC,3
szj7GXBd,0
SzuBnHCq,0
T0t5PVXc,3
t0uyNlAJ,0
t1dlHaPK,1
t3m4AuaK,3
t45DiCQO,0
T4AJEfDK,3
t5K4WDbZ,3
T5l7owkq,3
T5W4zF3R,3
t6ox4C9Q,3
T6vUfsh9,3
t70JX3ND,6
t7dwlXuY,0
t7KjRyhW,3
T7RDjxGu,0
T8IMBYqr,3
t9BPr8N2,3
t9i7hFap,3
T9j1OhHF,3
T9rKfZdD,3
tARSixUN,3
taWmpYMU,3
TB7VDRW5,3
TBhAuCad,3
TbUX4LIW,0
tBYDfemx,3
tChIi5aJ,0
TCl2EIWd,0
Tcqy9eIR,3
TdE2N8h3,3
TEafjbQs,3
TEe9ovUc,3
TEpU9c0h,3
TEQoyj6U,0
TEyBtqm9,6
TFf7MkGj,3
TFHGKOSJ,3
TfLH4PAO,3
tfXYrWRC,0
tgDRQMO1,0
tGivXycL,3
tgQMHsSp,3
tgQXGFZ4,0
ThjnfM2F,3
ti3JWeUP,3
TibrOIR4,0
TidvjJAm,1
tIjogrCG,0
tiO3sYwK,3
TIzX97hU,2
tJix0VTf,0
tjV0FCWL,0
tjZ6wu3b,3
TK0aoVgt,3
TK3RCLhZ,3
TkdOW2XY,0
TKgFJE07,3
TkOdgvHL,1
tldHprfI,3
TLtkvKxJ,3
TMkX3fAa,3
Tn6HIrdS,0
tnmOqTj6,3
TnSiNvsL,3
TnUXKe29,3
TNxA3u7E,3
TnXDxZUF,3
TOAlPEv1,0
ToL1v6pF,6
tP69qGL0,3
tPcMoimB,3
TpksPejd,0
tPraszCn,3
TpSHeQ1r,3
tqiDEAgJ,0
TQiOqwB9,3
TQnpR0Sd,1
TqPzJxmU,2
TQtsOIBw,3
Tr9AKgwM,3
TRfljA1c,0
TRiWtzmH,3
TRLOikxh,3
TRS7NcDo,0
TRUzliGS,0
TSAZp1PG,0
tSd1cF3o,3
tsIcgh26,0
TSsDv9jq,0
tswSBXp2,3
TtgYunbQ,2
TUVP40DX,3
tV3E9lGm,0
tVsYKDuI,3
TvV5WwcZ,3
TvXyen0c,3
tw2CkTj8,3
TW4roqQO,2
tWwFupJx,3
TX7w3DLJ,0
TxaI1MhZ,3
txAlVfY4,3
TxkRKPuo,3
TXpZ9xVA,3
ty1JeWC7,3
tyCKx98D,3
TYokPZ2C,0
Tz9og2E4,3
TzGg2BEt,0
tziDdwo4,0
tZiFbBfH,3
tZxLgWse,3
u0NFU5EH,3
u2jXlUA5,2
U2pG4rqu,3
U35eYTNB,3
U3n4qT19,3
U3T01hNH,3
U4bI2C8O,0
u4x5QMrA,3
u5rp81GU,0
u6itBabk,3
u6pLFgxA,3
U8ADIrJ7,3
U8hfFrIb,0
u8X70MTq,3
U9GtyrEq,3
U9tvELuz,3
U9Y5ONox,0
uA4pZBc5,3
UA9z6vt3,3
UACdfRNj,3
Ub3SVd8H,3
ubFlRXms,3
ubHwgqZI,0
uby8XZgs,3
uC94kHt8,3
ucEsbh6L,3
UchaiX7Z,0
UCl7bK8s,0
UCqPgZ4I,3
UCRKPqrw,0
UD3ZAvbn,0
udcfLBkg,3
ue2jqnt1,3
UEmpNkyD,3
UEPLBVku,3
UexgcfXy,3
uFicPlCZ,3
ufKSWiX9,0
uFov7HMj,0
uFUDbSt6,0
ufYde5CI,3
uFZHVtn9,1
UgbGpWxc,3
uGBiYKVX,3
ugc7oJWh,0
uge3wZtF,0
UgL3kl1s,0
Uh2xHBDM,3
UHFCcMWV,3
Uhnw3fvJ,3
uijna78G,3
uiLzpDZ6,3
UjC08AoG,3
ULawI1bh,3
ULCBu17K,0
uLfYIlD6,3
ULIC1pqO,0
uLJ7V0qp,3
UlJTNdqV,0
UlPDnCM6,3
ulsexgOz,0
um0GO81Z,3
UmKVxWAJ,0
umOtojXV,3
UMWRbX4x,0
umZRYpkE,3
UN6OFRiQ,3
UNF7ePud,3
UNil01xM,3
Unixm4yV,0
UnTk0cQD,3
uO803vDh,3
uoC5x0VY,3
upgwF1BT,3
uq9DbZ35,3
UQSnOM0F,3
uQWLfSop,0
URLMloGq,3
UrnscA5C,3
usbhWY8x,3
usIYWOz5,3
USPG0tep,3
uSwnReax,3
uSZy7dzH,0
UT9hc5Fz,2
UTfZ4bdF,3
UtNC8AL1,0
UtyIPKqV,3
uUxz6h15,3
UV36ui8j,0
uvAmVRks,6
uVgzn9ra,3
uvXn8SNx,3
UVy8xZce,3
UW96wi1L,3
UwBycsZ6,3
UWFQVORy,3
uWky70vK,3
UwRjsnPc,3
uxrlFGaJ,3
UXSaxJC3,0
UXWtk3g2,3
uYhKJl4G,3
uYJBVR9I,3
UyZGmBt5,0
UZ5Aqk2S,3
Uzb84ncx,3
UzFD8nOf,3
uzhLJqUr,1
Uzo0C2Z3,3
v0dZ5am8,3
V0Ps8zM3,0
v12btmNS,3
V1NE39je,0
V1XDruNJ,0
V2Oros3S,3
v2REaNQs,3
V2sECApm,3
V3eykdZb,3
V3FIOfY7,0
V3wiGKzd,3
V4HDqrvy,3
v4xka9Xs,3
V53jzKa2,3
v6K90GSe,3
V6pK98JX,3
v6YslLWd,2
v73DEXLR,3
v7JhkxMj,3
V8Ue14tv,3
V9i7zI8m,3
vA7qXk4E,3
VAMTCleY,3
VAQwU30e,3
vb159dek,3
vbFNzHte,6
vBsyiaKp,0
vCf8TVql,3
vCjNu4S7,6
vCyUEI5m,3
vd8yA5Ib,3
vEGCUKay,3
veJ5zO3P,3
vEtJ8yRC,3
veyScD2Y,3
VF3Nq27f,3
vFZ2WL5X,0
VG2uHk7D,3
vGbM0kwx,3
vgKw5BxZ,3
VgTGtzFR,3
VGuQCTt7,0
vGZlOHIj,3
vh6li5g3,3
vhAnWU5D,6
VHoXBCSm,3
VHvfQFPi,3
vI2BTWQP,3
Vi4z1GPo,3
VI7PhxLZ,3
vifeDjFJ,3
ViFYZyXI,0
VIJwaBt7,0
vikYIpLE,3
ViRBgSrJ,0
vIVHgSl5,3
VIvZTlew,0
ViwUTzIF,3
vj86bif0,3
VJHzCwp4,0
VjMUoEZf,3
vJp1KXW7,3
vk8tRXBp,3
VKaq96EM,1
vkhZPb1T,0
vkt5jH2W,3
VKUfDdek,3
vkV7JEuX,2
VL1ZMtbX,0
vl6LfXmM,3
Vlm5IBEQ,3
Vlr1FZiM,3
VLvsAB8F,3
VMDkhAuC,0
VMFRSOnA,3
VmoTb6Cf,0
VMTv12WY,0
VNBi5D48,1
vOAp5ufz,3
vouMP6Yi,6
vOWpCrwy,3
voy46ZmO,0
vOyYwscb,3
Vp18esIw,1
vPCu4mML,3
vpmbD78z,1
vpR9TGxO,3
vPreMz5w,3
VpTUCgRl,0
Vpy7u0Uq,3
vQhM2JDV,3
VQMlJ3kT,2
VQRbpNlW,3
VranMdFk,0
VrfA6amc,3
vRh20KtB,3
vrNxRISF,0
VRq2lPsj,3
vSFoAf9G,3
VSftJOs9,3
VsneJMhY,3
VSy0EzHj,1
vTC0M8LR,3
VTurol4b,0
Vu0XHDBZ,3
VUhAtdZL,3
VuqoLk2D,6
VUsdgACn,3
vVKkI6Dt,0
VWeJA0Tr,0
vWIQc5Gr,3
VWSf4PEK,3
vwWuTAOU,3
vXLQjPY8,3
vyiL94pR,0
VyJjOERL,3
Vym9Lvfc,0
VYO4RkWa,2
vYtyiJXs,3
vyZBw8WL,3
vzCVbdQj,3
vZMeCr95,3
vZteH4ju,3
w0bvVpGP,3
W0KCuq3z,3
w14IO83g,2
w1Nfz0AF,1
w1V7JHKS,0
w1y3iVXW,3
W2GLJU4Z,3
w3Y1o4Fm,3
W45ukH70,1
W4ahGCkZ,3
w4Yhopzm,3
W53RIPEC,0
W5A83dgX,3
W5K0AGtT,0
w6H8VGuQ,2
w74LHVxm,3
w7NqQCm9,0
W8SdpnvO,0
W8tf9kJs,0
w8yS09pi,0
w9kXs6mC,0
Wa2RYLK5,3
WAaP8qiB,3
WAJ36I84,3
WAKVGaZT,3
Waphz4QN,3
WAvCUJNu,0
WaVzUwuY,0
WBkYy9zV,3
WBxeQ3Dk,3
wbXgEKzV,0
wBxIdkNJ,3
Wcd2o8ki,3
wCo1f3bj,3
WcrhJO2d,3
WczxXZy9,3
WdmLDtXq,0
WDVYQTrE,0
WDvz8Caq,3
WeatXVR9,0
WEGi7MAI,0
WePLQAyE,0
WEzAFuQd,3
WFB0fnKL,0
WfG2eEFc,3
wfGRV1im,3
WfnBgosS,3
wFR9PLUN,3
wfs83qEC,2
WFv9P2bZ,3
WfVUIqPt,6
wgerAdYT,3
wgrbZonc,3
whSMgBfz,3
WhwUM4Pz,0
wIcrFBGu,0
wIHnrmdT,3
WilQHXon,0
WiU2tesY,1
wiWKMFcD,3
wj0bRzoF,3
wjb1NqX0,3
wjMpNH4u,3
wjNXST7d,3
wk0XFDHy,3
wkfBin2y,3
wkIp7CYq,3
wKMbD0Iu,1
wKRYxsJz,0
WKYthbwp,0
wKZO2J0l,1
wL4DUQW3,3
wLapR6oJ,3
WLB2psVb,3
WLCQfNRT,1
WLMplVsR,3
wmPKFEWO,0
WMsvPUNx,0
WNJweB4n,0
WNzue8s0,3
wO7HyqdD,3
woaE8VkF,0
wocCVYFb,3
wOToWNIq,0
wOYSezJv,3
WoZIryCM,0
wQ0U8KPO,0
WQCVZYRI,3
WQga27kS,6
wQHuPIUE,2
wqplSxvU,3
wqtoGicn,6
wQVbd360,0
wR73YGz8,6
WRCpTGfN,3
wSHzW1A4,3
WSkDPVd7,0
wSWyxBoM,6
WTbD1Fej,3
wtCrVheY,0
WTKt7cEh,3
wTS2jms6,0
wTVk2OeX,0
wTvYqPKE,3
WU9SAnpw,3
WUDXwQeu,3
wuQd9HKL,3
wusrV0fl,3
WV7ox2H0,6
wva36U9N,3
wvEVB7c2,3
WVMw0TsI,3
wvnzi4PV,3
WwyRcMA6,3
wXfOU3du,1
WXThmvR4,3
WyUkGaFr,3
Wz7NcZK8,3
WZE5MpKJ,0
wzj3o6C8,3
X0d3GqN5,1
X0eG2KN3,3
X0N4TvOH,3
x1iyAL02,0
x2H5Dnh9,3
X2nmaK9Q,0
X31NIB9h,3
x34dPXeO,0
X59s0ay2,2
x5hbDg1Y,3
x5NbPc2s,0
x62pRtjs,3
x6Kiskp8,3
x6SfnMrI,3
x6UuyOpW,3
x7yMTAls,3
x8Hq0BKb,3
X9bU6rEZ,3
XABOH41b,3
xacOp5zJ,6
xATL6BlF,0
xAzwo72l,3
xBQkwGHa,3
xBR0aOgd,0
xc8mZAyr,3
xciZ681u,0
xckm45UM,0
xCqNY8aK,0
XCzqKlIj,3
Xd2xPqn7,0
XDIeUm3J,3
XdmhRSy8,3
xEMCuJg1,3
XEqn72xH,3
xF5zHVaY,3
xF9tI3h1,0
XFu3Oi5g,3
xGDT5iMw,0
XgnEGbJ8,3
xHe0nRLq,0
XHlyCeDY,3
XI4hnEAi,3
xiG76nkz,3
xIkXvimT,3
XIoutYEc,3
XjkbfwGH,3
XKjzQtOF,0
XkW9N3eY,3
XkzaWw8g,3
xKZJontH,0
XldfwGue,3
XLsZMGcA,0
xm6gBhTe,3
xMi263eH,6
XmQ4Oo0y,3
xn4PLr9a,3
xN6nliMj,3
xo0OIfwm,0
xoIqHRFb,0
xOSZkyt9,3
xoTyih7B,0
Xp6miEcy,3
xPDjiTAq,3
XPIUt1h5,0
XpIzwg4m,6
xpPRDrki,2
XpThrgWz,3
xqDlF3IE,3
XqMFV0S5,3
XQtzSy9A,3
Xr4idK9e,3
xRG1mjPW,3
xrLohvWl,2
XrOI6yVi,0
xru08pOZ,3
xs0Drgda,3
xsbP3ha7,3
XscWO5xk,3
XsF2qi0m,3
xsFCo7NP,3
xSRA8GtP,0
xsrKBdM8,3
XsS0HVFY,3
XT8HI7hG,0
xTKpVvow,3
XTUm4pk9,3
xTXKuAFP,3
XtyFqPQA,3
xunZ0ISr,0
xurgIDcF,3
xuWERhAe,3
xVBlReUf,0
XVdSJACI,3
xvPriEph,0
Xw1tyDRJ,3
xwstPFH7,1
xWw56OB8,3
XxzapZ5O,0
XyBbPaeS,3
xyE5MUDV,3
xYiP2gHf,0
xyqQNREz,3
XYy9zWcV,3
xz3E9M6u,0
xZ8dHiSQ,0
XzG4YfPg,3
xzINPte6,1
xZma1zO7,3
y0tpFgnq,3
y0uJrFpK,3
Y1hJkV0v,0
Y2EKvBrQ,3
Y2RKghE3,3
Y4IMbkr5,0
y4zXrLDo,3
y53YSpWq,3
y5jWI0Zr,0
y6M9DtjZ,3
y6wLaMxZ,3
Y6wvUkzF,3
y7GDowup,3
Y7PKHbyS,3
y7R4f5AC,3
Y8Lh6zMs,3
Y95EiIUO,3
Y9KHUrN8,0
y9zBvDti,3
ya7u8sMA,3
yAh37sOH,3
YaHUr12R,3
yat5IxlF,0
YaWqrzAZ,3
YbSkdErW,3
Yc2bW6HV,0
ycFz912K,3
yCj81TIi,3
Ycwl4yqa,2
ycWL9D1v,3
YcyDMo4j,3
yD2WFf0Y,6
Ydplaiu4,6
ydQhOoNK,3
ydRXx49H,0
YeEkUVJK,3
yeFb9iPW,3
yehgvWHF,1
YEpejnM9,3
yeSbtLY5,3
YetIlFbA,0
yF85wofa,2
yf97z1RO,3
yFfCXuaM,0
ygExOF4d,0
YGn3c2Iu,3
yGui761E,0
YH924BIN,0
YH9wSsTu,0
yhvmNtuk,3
Yhvqs7Qt,3
yI0HXzaC,3
YIpVzWXd,3
yIVRfx6c,0
yK9AFlxr,3
ykAXFYec,0
YKeWqoZQ,0
YL9uPlKQ,0
YLD3olq9,3
YLgnMrQU,0
YLtOy6hD,0
ylubjnNH,3
Ymc5ase0,0
Yn7KhAgS,1
YniGgODy,0
YNVrzqDf,3
YO8VEpoR,3
YOP5igMD,2
yOpjAIEd,3
YoPSEiU8,0
YoVK3ITM,3
yp5cUfs0,3
YPISOfvM,3
yqj7hpUP,0
yquhxOEQ,3
YQUIuwEV,3
yR7K6zEY,6
YRqu8tHU,0
yS93ezLf,3
YSCVBnkr,3
YSe8b5Mm,3
YSrn3mQ6,2
Yt3XJ1Sq,3
yTtuCrsd,3
YtvPujhV,3
yu15hbrA,3
YUbeyw4X,0
YUghdCBA,3
YujpNm58,0
yUTlfZsN,3
YvCpysGD,3
yvhLWVwo,3
yvj8iCwp,3
yVkBtPUZ,3
yvNQEBHT,0
YVrjv2Sy,0
YVTqHeRn,6
YVXnDz45,3
YVXNr1pF,6
YW7qsOSL,3
yw960IC4,3
ywLsTgtz,0
YWLtgXcQ,2
ywNQ9DXF,3
ywTIXmj9,3
YxLW9QvH,3
yxoeH0v9,3
yxR8khFG,3
yYdH356U,0
yYiMHdZS,1
yYnURgZ4,1
YZX0F5Pn,3
YZzNaWEs,3
Z0ehtXsz,3
Z0Q5Up6N,0
z0ub9FyX,3
Z2Sf803X,0
Z3AiCvYG,3
Z4EMVtTq,3
Z4sGUrlM,3
Z5LJE647,3
Z5vxjHMi,0
z65qbiXw,3
z6hrUBHP,3
z6qLSeCy,3
z6Uv3VsC,3
Z6X2qvRQ,0
z7GfNYZx,3
Z7gw24yG,3
z7GWKLNA,0
z8kR5OD6,1
z9ipN0U5,3
zAILEs3C,3
zBc0eQWE,3
ZBcrkUut,3
Zbs98UKr,3
zbu3I6JA,0
zBvXTRrK,3
ZCbu7ULD,3
zcC1VpJH,0
ZCJlFyGB,0
ZCkl3i18,3
zCMfyKW5,2
zCumrBgx,0
zCXaHkp7,0
Zd85TJpK,2
zDUu50rL,0
ZDWREh1P,2
ZegqjKdY,3
zETj7mWi,0
ZezgDxoy,0
ZF7m15Ah,0
Zfbhav27,0
ZfroxsE3,3
zfT14CKt,1
ZFw9p54a,0
zgAKOjfo,1
ZgBosFRI,1
ZGdEwUcP,0
ZGgI7Qcw,0
ZGI4TVCu,3
ZGrzf75u,3
zgSqm6f2,3
ZGt4nD3r,0
zhDjuHrd,0
ZhIel8sf,2
zHlbSeUt,3
zhOcCl53,3
Zi0LFrn6,6
ZI0Lmue7,3
Zi6vPEfD,0
ZIFHR4fm,0
ZiJqr1NK,3
zIQduZK8,0
ziU7cFOu,3
ZJAeF7bT,3
zjAXYikP,3
zJKxrbNE,3
ZjNaGtLA,0
ZKCnMsb1,3
zKkeaX81,2
ZkWo8Xhw,3
ZKxXaSCk,3
zlA5gBCi,3
zlcCwhf4,3
ZLdCytYe,3
ZLGDET07,3
zlR0LoMk,0
zMpoLY3s,0
Zmw5jCv8,0
ZN4xIGla,3
ZNB9y6kA,0
ZNPlW8Kt,3
ZnqgTFN8,1
ZnRKSWNx,6
ZO4tqAE2,0
zOciyK4w,0
ZOmtoCkf,3
zopr21b8,0
ZOsH7VbB,3
zoXSKZRj,0
zpACIqgY,3
zpqPMFsR,3
ZQG6Rupi,3
zQKtsZgX,3
zqlv3PWZ,3
ZQoFwSbf,3
zrigFEGj,3
ZrsXjSHc,3
ZrxU21lJ,0
ZRxyaKp6,3
zs1iUCjr,3
zsYJN8tm,0
zt5g1j4Q,0
ztg4lqnL,3
ztsMbJe0,3
Zu1widFW,3
ZuIwacrW,3
zuNA1VeI,3
zUtbFNan,3
ZvE3w7HU,3
ZvEbolhD,0
ZvJjlqWS,3
ZvlASKTJ,3
zVoFY7b1,3
ZW2FnfBq,0
ZW48LlmR,0
ZWvM91UK,3
zwvuBXJ6,2
ZXmuq62t,0
ZXWO1Pnf,3
Zy9tVqWg,3
ZybaC3eG,0
ZYdt4igv,0
zyWSPEZo,0
ZzBlKxvg,3
